{"cameraMode":{"drawMode":0,"name":"Shaded","section":"Shading Mode"},"sceneLighting":true,"audioPlay":false,"sceneViewState":{"showFog":true,"showMaterialUpdate":false,"showSkybox":true,"showFlares":true,"showImageEffects":true,"showParticleSystems":true},"in2DMode":false,"pivot":{"x":-3.602177143096924,"y":0.9841837882995606,"z":-10.149106979370118},"rotation":{"x":-0.008026937022805214,"y":0.9910533428192139,"z":-0.07029376924037934,"w":-0.11317086964845658},"size":22.012332916259767,"orthographic":false}